-0.117314264,-0.08696263,0.09935157,0.0028603973,0.06794069,0.14001511,0.048114892,0.032631468,0.010425904,-0.014314667,-0.019181048,0.015908938,0.10304704,-0.4682214,-0.089978874,-0.12178264,-0.36074013,0.07059689,-0.04103809,-0.17929429,-0.07949833,0.046292055,0.0044548423,-0.17175463,-0.046326533,-0.09685728,0.119168095,-0.47385558,0.044332698,-0.060931467,0.07962363,0.048902225,-0.026040342,0.054298606,-0.04661867,-0.14263164,-0.016715657,0.043710727,0.1685135,0.08015779,0.09718589,-0.11152506,0.01697647,-0.28126997,-0.01855819,-0.019521955,0.03577687,-0.15256943,0.012166958,-0.058863137,0.08141184,-0.058479447,-0.06489544,0.056678474,0.07477917,0.11197162,0.023964422,0.104683585,0.027458224,0.01136108,0.07883438,-0.30182654,0.029187957,0.08833594,0.031191755,0.03852525,0.06554903,0.08898546,0.051853545,0.123704195,0.1069577,-0.041035496,-0.10235118,0.073054895,-0.041540083,-0.082208104,-0.10657997,0.082618,-0.10086396,-0.034728933,-0.054197557,0.058295984,-0.0020931629,0.026975527,0.00015175447,-0.0024384488,-0.1503784,0.084794454,0.037339896,-0.28928834,-0.095404774,-0.048639227,0.10912412,-0.04059881,0.0145171,0.033688985,0.11703892,0.13459036,-0.040346686,0.13864951,-0.11000998,0.09479018,0.11473341,0.1323203,-0.027856413,-0.17634498,-0.069470845,0.060587518,0.17366596,0.10870982,-0.14792745,0.071625985,-0.050929468,0.13077696,0.040041007,0.034393508,-0.018305108,-0.09773881,-0.03509202,0.049883332,-0.044149525,-0.04456213,-0.038831785,-0.14788096,-0.16437113,-0.09848968,-0.03983873,-0.03025644,-0.8845973,-0.02138602,0.12766449,-0.20919959,-0.0030073086,0.086267315,-0.030252164,-0.00028859332,0.13374211,-0.16975375,0.0723643,-0.15832601,0.071906336,0.013391948,-0.11023625,-0.39973027,0.016530309,-0.021194668,0.07493601,0.0024213744,-0.12182892,0.03718361,0.12560561,0.0913448,-0.1366943,-0.0033860158,-1.0292385,0.0034161524,-0.53414047,-0.22951385,-0.08021032,-0.112338424,0.15955487,0.02171021,-0.028711801,0.0432418,0.09306441,-0.14794709,0.011421714,-0.09141092,-0.08788653,0.13003902,-0.12104652,0.15523443,-0.10722845,0.098599546,0.015535027,-0.058279146,-0.44411263,-0.066971354,0.049924023,0.06699023,-0.02959158,0.08800041,-0.10865164,0.109866254,-0.16499428,0.1429506,-0.02636012,0.040706646,0.11856752,-0.07045315,0.074494846,0.016453551,0.086601585,0.12584582,0.076325,-0.082357466,0.13467325,-0.0956862,-0.13362668,-0.08611146,0.03500496,-0.3632673,-0.46727824,-0.023696417,0.019546967,-0.13391781,-0.03937463,0.0041609365,-0.0034366725,-0.017049337,-0.035804935,-0.0128425965,0.14694001,-0.020545946,-0.11875208,-0.23835024,-0.05546157,-0.054678913,-0.044581853,-0.03592886,0.06952601,0.10166294,0.033371236,0.13775465,0.04740504,0.072730705,-0.09683809,0.07722666,-0.5173635,0.029877743,-0.070031375,0.06964388,0.07004613,0.015512022,0.030666377,-0.15296048,0.077802844,-0.030581191,0.05219226,-0.061597466,-0.105075814,-0.038520698,0.12309484,0.20602079,0.10952477,0.08315712
-0.037499532,-0.00065130723,0.16135748,-0.13122393,0.005872652,0.04136302,-0.056096636,-0.041317724,0.0052518663,-0.049424496,-0.0062238756,-0.13034321,0.12162216,-0.8032273,0.029863358,0.06106309,-0.5699359,-0.04233948,0.018368289,-0.06733153,-0.03993844,-0.055181812,0.052951653,-0.029301327,0.051987093,-0.09819907,0.16288263,-0.25737822,-0.121583104,-0.01433019,-0.03116733,-0.023180112,-0.12367104,0.027768098,-0.12737869,-0.088520534,0.080243,-0.09447261,-0.19300976,0.106114484,0.09664793,0.1368799,-0.10098305,-0.38237754,0.15785424,-0.058795813,0.0127364285,0.0020067266,-0.06644022,0.14114025,-0.16736338,0.10174366,0.13612455,-0.03411867,-0.011386691,-0.17648062,0.08256258,0.07353539,0.0077936496,-0.015684161,-0.06743682,-0.20501597,-0.061549883,0.03199192,-0.0040307366,-0.053188607,0.021063844,-0.12017947,-0.35286647,-0.066488706,-0.040689494,0.09076936,0.0546117,-0.058286756,-0.0014542841,0.11538672,0.024256157,0.14219484,0.096229725,-0.10749942,0.04305542,1.2193446e-05,0.061802313,-0.00616827,0.11438779,0.022249065,0.034784365,-0.18173777,0.011707725,-0.42183632,0.172082,0.11572447,-0.0906226,-0.09917786,0.0176151,-0.02492163,-0.22256918,0.010852122,0.11288866,0.059930988,-0.09647192,-0.08457306,0.034863338,0.1269644,-0.05312086,-0.16680002,-0.09812044,-0.010592633,-0.014203964,-0.062489316,-0.06071137,0.098088905,0.12222495,-0.01155217,0.019506196,0.060563713,0.035692967,0.018417057,0.0053124106,-0.015324448,0.029722085,0.069908895,0.027424721,0.11437138,0.070370995,0.038483396,-0.108329006,0.09236904,-0.86269337,0.010187931,0.14269012,-0.23078968,0.031305995,-0.12280137,-0.11561205,-0.15393566,0.08530578,-0.16378361,-0.14161251,-0.0649366,0.040821753,0.0555997,0.04056971,-0.38308614,0.07290075,-0.0027917756,0.013368824,0.06930607,-0.17296983,0.029346926,-0.0705815,0.019570874,-0.29389188,0.046588395,-1.0334352,0.03477631,-0.45742017,0.095762365,0.10275087,-0.0641256,-0.04269978,-0.03700658,0.032931644,-0.033518508,-0.025006495,0.008737383,-0.008718808,0.08737025,0.024743736,-0.07817261,0.17914596,-0.0666512,-0.057210565,0.037736475,-0.09952631,0.099244386,-0.5196263,-0.032020982,0.07458981,-0.12567575,0.084649935,-0.102807604,-0.252334,0.09757186,0.09297873,-0.13286142,0.10466414,-0.107113995,-0.06577953,0.13781966,-0.28679457,-0.0445499,-0.14097956,-0.009568036,-0.03565485,-0.011876445,0.19219263,0.10676962,0.054943945,0.05990912,-0.012577568,-0.5882909,-0.5993364,0.0695175,0.011852542,0.077510975,0.091143966,-0.04886786,-0.18308918,0.116696835,0.06727335,0.052634403,0.09827494,0.10376611,0.09087797,-0.2279567,-0.0067045987,-0.03508028,0.055555068,-0.04791509,-0.069342345,-0.087060586,-0.053646423,0.1472547,-0.01485938,0.1541853,-0.066126965,0.115427166,-0.4893737,0.05049557,0.11421061,0.052987583,0.00059452804,-0.012924655,0.0012869389,0.100544475,0.028723417,-0.22028075,-0.035821415,0.042273972,0.07185553,-0.13465782,-0.1754855,-0.075656325,0.12596773,-0.01860528
-0.0820907,0.09200854,-0.0350466,0.2149676,-0.0115485,-0.018437734,-0.04970863,0.11419839,0.09634218,-0.13233356,-0.10060392,0.042442672,0.1004512,-0.26598892,0.07953274,0.124636546,-0.18460447,-0.16340919,-0.021328215,-0.04710768,-0.14918269,0.032560214,0.16818066,0.26737946,0.0014055676,-0.13927177,0.10537079,0.16138552,-0.10355867,0.023957495,-0.12044719,-0.09607119,-0.20861793,-0.07342307,0.019287754,0.118288085,-0.07838696,0.06308248,0.035388056,0.1782585,-0.13312949,0.047837287,0.017088763,0.041718036,-0.07547703,-0.14825557,-0.03128076,0.18807273,0.107866935,-0.15741333,-0.016913127,0.09377965,-0.1593526,-0.07005403,0.2664855,-0.034033984,0.07150346,0.068695635,0.12967137,-0.0789977,-0.039157327,0.085450694,-0.05620199,-0.014892129,0.11665034,0.072081715,0.04655853,0.1174805,-0.11979608,-0.11429348,0.12718353,0.08329361,-0.048841592,0.016778342,0.005461296,-0.064616315,0.067527495,-0.13667929,-0.1317117,0.015110958,0.027818237,0.21038869,0.20680048,0.11838321,0.14577459,0.029751154,-0.045447823,-0.09418733,-0.14793673,-0.2019761,0.08903836,0.07230411,0.0019188161,0.087757155,-0.07586603,0.010197608,-0.012339141,0.04926238,-0.027442362,0.114816524,0.021628782,-0.04689327,0.06787099,-0.06367375,-0.071818426,0.01680558,-0.02739203,0.11399811,0.12684318,-0.010253528,0.14630891,0.016538784,-0.13097803,-0.002175534,0.06582405,-0.00455745,0.070171535,0.054507986,-0.10479379,-0.059411652,-0.1326796,-0.21874963,0.06640111,0.010059739,0.07687043,0.08735327,-0.05877249,-0.0004591734,0.0012291702,-0.015629837,-0.08047248,0.188516,-0.035589732,0.115358464,-0.21644819,0.098953485,0.039071314,-0.08661148,-0.12280986,0.10138778,-0.20757912,-0.07394394,0.0288785,0.051449634,-0.02275217,0.031428196,-0.075861774,-0.06869017,0.06625663,-0.034446407,0.098104924,-0.067962594,-0.18979247,0.056163017,0.028230004,-0.15099388,-0.03175502,-0.13031085,0.0584548,0.2104134,-0.038611136,-0.06339279,0.03285883,-0.070090055,0.004283024,0.19290456,-0.07158206,-0.08307452,-0.09693237,0.06397194,-0.14477102,-0.0722129,-0.078791685,-0.02647017,0.057075072,0.08715717,-0.12770975,0.047368154,-0.14509635,0.111087345,0.048090186,0.10557436,-0.22273566,-0.057550542,-0.025652047,0.0727599,0.019760635,0.14026085,-0.079089515,-0.047805592,-0.034494597,-0.008851534,0.058639474,0.14114755,0.15921085,-0.15463932,-0.09968722,0.08104823,-0.00096551597,0.092717424,-0.040396318,-0.15137084,-0.03601358,0.11626929,-0.072632834,0.06083263,0.18548761,-0.018018842,0.039264888,-0.012927269,0.075436406,-0.06545342,0.011179249,-0.055760738,-0.10896053,-0.43870425,0.19364539,0.08780479,-0.017088644,-0.13589759,-0.05929036,-0.019317871,-0.12754777,-0.017607743,0.014651764,0.09513006,-0.08641531,-0.06849717,-0.016762218,0.016563538,-0.11637877,0.041041322,0.11209809,0.001863519,-0.055994198,-0.14414693,0.039533373,-0.1638056,0.065412916,-0.07945777,0.046127014,0.18739091,-0.10727128,0.08183285,-0.039301954,-0.17035468
-0.117282346,-0.1191306,0.021796474,0.055768397,-0.054592628,-0.20542492,0.07428417,0.020303324,0.2166758,-0.12365582,0.19079134,-0.029176984,0.1325044,-0.02319415,-0.07339992,0.18099493,-0.036248703,0.0056350348,0.0359293,-0.09859942,-0.12812877,-0.022936558,-0.012742245,0.27329794,-0.01680505,0.016583234,0.00022056568,0.12647805,-0.063633256,0.13201083,0.100248374,-0.030116642,-0.13205232,-0.13127744,0.10002644,0.113926195,0.03496872,0.27269286,0.07753212,-0.0647961,-0.03940618,0.11662414,-0.011087131,-0.032248482,0.05561741,0.016410872,0.13770124,0.0037201657,0.025410755,0.004647226,0.24025041,-0.14141251,0.057675563,0.13855086,0.1682328,-0.21342193,-0.14341831,0.13074361,-0.12088138,0.20703873,0.045406174,-0.1166935,0.04405026,-0.16767378,0.08930811,-0.07347587,-0.15235265,-0.03381185,-0.16868179,-0.04897031,0.11801616,-0.13316421,-0.05617393,0.057456024,-0.11563287,0.060462818,0.14508885,-0.08143283,-0.010485078,-0.024067037,0.019751761,0.16940935,0.019559655,-0.12914535,-0.0479964,-0.039654408,0.002477989,-0.06829363,0.04206609,0.080352336,0.04586722,-0.05578475,0.027162844,0.09220179,0.12440359,-0.09716253,-0.2128576,-0.07282438,-0.06699014,0.038045477,-0.0048672557,0.088272706,0.12754877,0.043401048,0.0126275,-0.051792268,-0.054331455,0.1097571,0.23767617,0.025269203,-0.079576604,-0.13867933,0.044178523,-0.026169216,-0.051524162,-0.027143672,0.06335794,0.09086344,0.086675346,-0.10335665,-0.0024808398,-0.048343405,-0.04192577,0.12148709,0.15259528,-0.007065902,-0.14340508,0.099152304,0.16890068,0.009318769,-0.12895608,0.108998045,-0.13875037,0.09853655,-0.15017706,0.21386328,-0.10059341,-0.12752038,-0.016796198,0.09839422,0.10361829,-5.806663e-05,-0.106698185,0.07956688,-0.11607839,0.09703733,-0.041386258,-0.04086453,-0.15958735,0.034851596,-0.108024664,0.110218644,-0.13026907,-0.057012767,0.20505759,0.051099557,0.18835774,0.009286615,0.04005165,-0.016325098,-0.079976745,0.093981855,-0.04217223,0.010813311,0.14202566,-0.056578938,0.07951257,0.12767766,-0.12513247,-0.06999493,0.17261599,-0.06778423,0.122861244,-0.13823584,-0.08257606,0.10752617,0.15809625,-0.12184064,-0.015970083,-0.16799608,-0.036783576,-0.086065695,-0.30890048,0.021940889,0.13612603,0.15819423,0.028315015,0.038825862,0.13469529,-0.03968304,-0.014433793,-0.010534412,0.036674023,0.006217489,-0.17360462,-0.14261273,0.024708485,0.033683904,0.11981053,0.007017013,0.036113735,0.0679105,0.1338831,-0.03549579,0.050633963,-0.07161104,0.19278368,0.046597235,-0.056550514,-0.092867956,-0.076641314,0.010604529,-0.12356581,0.027425833,0.083033524,-0.37845996,0.016565137,-0.091363534,0.13723403,0.11362751,0.040416438,-0.062259283,-0.1919081,-0.004713834,-0.03654273,-0.042488527,0.064249344,0.15244767,-0.051702008,0.12617218,-0.11097265,-0.119165175,-0.15837918,-0.008533249,0.12828203,-0.09042239,-0.03955402,-0.08331106,-0.04636402,0.18913539,0.081187256,0.08867261,-0.049634,0.06701444,0.055785403,-0.06593248
-0.051639013,-0.00030013596,0.0044405786,0.098385796,-0.011820841,-0.030969942,0.005542523,0.07810326,0.13440914,0.04414526,0.03319054,0.0026843536,-0.044603333,0.084088065,-0.051519156,0.081865855,-0.05546226,0.037646808,0.047185354,0.044503093,0.15236539,0.1049203,-0.090350464,0.018257627,-0.043001957,-0.30468175,0.055428136,0.0017343437,-0.13889743,0.16883695,0.032893226,0.045543864,0.0805414,-0.058404878,-0.24039948,-0.13959043,-0.026145184,0.014264944,-0.020212803,0.1345911,0.049416695,-0.2349523,-0.117357455,0.013043139,0.02187738,-0.16921863,0.02736775,-0.23184058,-0.5551091,0.15477867,0.111685835,-0.062641166,0.009556409,0.06025365,0.14509828,0.063321635,0.1100352,0.13270141,0.058725458,0.08439264,0.047073208,-0.013115178,-0.099178486,-0.0991431,0.04351973,-0.61340225,0.02583746,0.017954014,0.028698234,0.017107794,-0.031815663,-0.30857623,-0.04937905,-0.114137255,-0.081613995,-0.034888253,-0.025954619,-0.21572265,0.14538495,-0.0013638623,0.015815832,-0.06984066,-0.019353772,0.07070742,-0.020588515,-0.8083112,-0.03593265,0.08406849,-0.11719744,0.12483579,-0.06095946,9.985204e-05,-0.06686366,-0.061580937,-0.06824483,-0.21486464,0.1107121,-0.11594858,-0.027702736,-0.1939751,0.1359593,0.059862234,0.05595686,0.060674723,-0.033854276,0.056907028,-0.050583947,0.027847055,-0.10789063,-0.13314225,-0.0054775923,0.031423,0.12757775,-0.059125293,-0.16814919,0.033889126,0.0411809,-0.13800856,0.026952209,-0.14281142,0.2264772,-0.32579604,0.12886165,0.015290479,-0.57202816,0.048053265,0.07843388,-0.083739996,0.029250521,0.047590952,-0.13546427,-0.076283626,0.17208174,-0.10582884,-0.008919133,-0.01888663,-0.02626217,0.08166131,0.030960245,-0.042187434,-0.12997459,-0.06806268,0.12230576,0.06475721,-0.542009,0.026808977,-0.023296017,-0.006180469,-0.054592434,-0.042657956,0.0066433367,-0.12612727,0.13136528,-0.021493765,0.024120161,-0.13476403,-0.008229314,-0.045500714,-0.09400816,0.08218233,0.13266109,-0.03861901,0.04475095,-0.025795408,0.22239713,0.07326152,-0.69300383,0.12988333,-0.109271154,0.20551021,-0.030010939,-0.00042923208,-0.040004436,-0.22359659,0.015520261,-0.18133678,-0.033750158,-0.058089875,-0.25441474,0.048794206,-0.015944658,0.0047638747,-0.06561361,0.13496277,-0.024187338,0.13136098,0.13787831,0.09518823,-0.028607734,0.044482365,-0.6327338,-0.005932585,-0.09420221,0.17491923,0.02367982,0.068378605,-0.01777742,0.05803663,-0.031031787,0.137938,-0.13415535,-0.1302748,-0.15140009,-0.16791777,0.058205534,-0.035253283,-0.08269113,0.10409219,-0.0888811,0.00018272962,-0.024287747,0.098012924,-0.017825495,0.09253955,0.12966208,0.08566573,-0.07003292,0.13359118,-0.15428062,-0.10471388,-0.07185444,-0.0739014,-0.17160627,-0.07323845,-0.1297107,-0.031011565,-0.040832095,-0.11378171,-0.044753894,0.022684725,-0.17087066,-0.057026077,-0.05721524,-0.00022106268,-0.20534694,-0.031609446,0.12525634,0.00033910506,0.08413121,0.12213617,0.15964189,-0.15226354,0.06538856,-0.07465729,0.098507926,0.0403346
0.0073308647,0.10038129,-0.042902388,-0.026562866,-0.09759,-0.0820819,0.034432672,0.0009547097,0.03289043,-0.019702632,-0.1300497,-0.07940563,-0.098241255,-0.09626415,0.023470735,-0.09496278,0.018280657,-0.081046015,-0.023456251,-0.08647326,-0.11235459,0.058738977,0.21522889,0.032910906,0.12631746,-0.23505892,0.124436885,0.03210159,0.13001703,0.0812553,0.10413572,-0.08496514,-0.0006243103,0.10147824,-0.16968447,0.090583496,0.08822137,-0.16170166,0.08725329,-0.066943906,0.16798578,-0.2494872,-0.05506021,0.04476873,-0.0034405275,0.10704926,0.009628058,0.03869994,-0.4737828,0.070488796,-0.089388855,-0.026575543,-0.012700109,0.07481858,-0.15827417,0.0036031313,0.076709226,-0.061053686,-0.044140685,-0.16362515,-0.15308364,0.051511467,-0.049442843,-0.09464612,0.04327732,-0.61467224,0.08595387,-0.04935188,0.03914808,0.10410372,0.023841877,-0.008631665,0.11496789,-0.13384324,0.049750812,-0.5981502,-0.17236127,-0.19845489,0.029451858,0.0039952993,-0.061719287,0.093986206,-0.21000056,-0.34287107,0.020954462,-0.8185538,-0.05053469,-0.022186328,0.049298964,0.10073524,0.18106747,0.010354344,-0.1507421,-0.04662227,-0.0147469025,-0.13441746,0.1703134,0.03845601,0.058817912,-0.24270496,0.026263056,0.08012508,0.12614453,0.005533791,-0.04614069,0.1508188,-0.033908065,-0.03142397,0.12070177,-0.32498476,-0.07650814,0.07349736,0.034483105,0.048857894,0.07537325,-0.10887811,-0.10361215,-0.09542505,-0.09210619,0.11409318,0.016467959,-0.147328,-0.103349425,0.062420826,-0.35812685,0.08451759,-0.12925291,-0.01907216,-0.021109875,0.074779585,0.14584717,0.053476613,-0.06330423,-0.070026256,0.10121468,0.08250651,-0.05256029,-0.04727845,0.034949843,-0.054775074,-0.07325959,-0.07930014,0.119196184,-0.0111602405,-0.39888984,0.004704287,0.086728565,-0.050097935,-0.18427643,0.04874247,-0.100706704,-0.044228997,0.057926312,0.10197194,0.00965947,0.0014634132,0.0014384462,-0.09415202,-0.19844303,0.10362494,-0.0062296446,0.08234739,-0.07083257,0.10813625,0.04039417,-0.039786544,-0.49160108,0.059112728,0.07717608,0.17484736,0.012700934,0.021286024,-0.0013221932,-0.15555574,-0.105387,-0.34451953,0.05006186,0.0010290274,-0.1423775,-0.021657187,-0.043304306,-0.1563764,0.10318101,0.085990876,-0.17916912,0.04072131,-0.10554411,0.023219077,0.02505341,0.08361225,-0.6059182,0.006517682,0.0413954,0.1558356,-0.049128026,-0.0119735105,0.077956624,-0.07634632,0.11374619,-0.078907214,0.06589297,0.03170205,-0.3135894,-0.17071019,-0.05633763,0.0395066,0.048075356,0.06833956,-0.04491053,0.05234915,0.051394586,-0.084593035,-0.08245664,-0.18345785,0.10228962,-0.11172903,-0.12251863,-0.04333308,0.016351426,-0.03843827,0.070332,-0.01225504,-0.20960286,-0.08406969,0.099865355,-0.16264439,-0.034011234,0.11044458,-0.07168924,0.08335212,-0.010253506,0.07342261,0.10609256,0.098611414,-0.16420522,0.16461346,-0.064617425,0.025331186,-0.0151843,-0.020214673,-0.08696217,-0.064275235,0.1487302,0.0726416,-0.04537048,0.03768586
0.11055793,0.02179871,-0.06017991,0.16509815,-0.06594294,0.103900015,-0.102291934,6.430847e-05,0.033803623,0.058776256,0.10355067,0.057004392,-0.03765223,-0.0310887,0.042097062,-0.026082363,0.11683929,-0.062986955,-0.03687939,0.10556001,-0.09559753,-0.07964351,-0.0952456,-0.013349936,-0.037717845,-0.01476869,0.039619897,-0.038205426,-0.06911979,-0.072713025,-0.040740695,-0.13261883,0.085344456,0.066353194,-0.016138056,0.024620652,-0.008637228,0.017941583,-0.047187828,-0.078114,-0.014829303,0.020431243,-0.022803964,0.091415755,-0.13452336,0.06581678,-0.117834404,0.18368487,-0.12560049,0.04989937,-0.063822314,-0.056103453,-0.053841874,0.0638582,0.12263024,0.12999253,0.117568776,0.07842454,0.07888177,0.013546731,-0.059178557,-0.012791024,0.11794052,-0.13648586,0.119944446,0.13110724,0.117784664,0.090048455,-0.086191475,0.044023942,0.07130964,0.2243717,0.02356236,-0.029859526,-0.071428664,-0.13831414,0.035477903,0.12780434,-0.030509098,0.1772673,0.008397407,-0.103756845,-0.17319664,-0.01973486,-0.084602445,-0.033950496,0.054368276,-0.09099754,-0.08347393,-0.071234345,-0.09614802,-0.113360405,-0.00057046197,0.054550745,0.1504897,-0.21309206,-0.083955124,-0.083425,-0.048725877,0.0323698,0.12515762,-0.10310807,-0.0607422,-0.124926604,0.08798094,-0.07025208,-0.06863469,0.17852902,0.028169917,-0.23697466,-0.050779983,-0.043832548,0.0910907,-0.04565944,0.09736554,0.12027552,-0.05690619,-0.093444355,0.058244158,0.08542797,-0.13586256,0.08635435,-0.03788444,-0.15426902,0.06364541,0.014498058,-0.10834157,-0.14845634,0.091879554,0.14042063,-0.0064183497,-0.33530006,0.008068362,0.14692599,0.105977915,-0.066275924,0.15079965,-0.13439699,-0.11124505,-0.068874165,-0.03715357,-0.1101807,-0.046747174,-0.08756769,0.0584653,0.069054045,-0.11505721,0.075953044,-0.052127942,0.03471503,-0.10243837,-0.0111615425,-0.17784064,0.046008423,-0.038824957,0.07626465,0.07665321,-0.030655932,0.042395376,0.025290357,-0.006610744,0.032656964,0.09206759,-0.120418906,0.0074035265,-0.07165905,0.16503458,0.18649976,-0.040799618,-0.15027937,0.14680243,-0.101466894,-0.094761446,-0.018638005,0.075187534,0.03157471,-0.01492319,0.02505197,-0.16759375,-0.0895383,0.119161755,0.1688272,0.05728467,-0.096083425,-0.10824025,-0.17394723,0.02690033,-0.112155244,0.07429201,0.13579391,0.13018347,0.18239634,0.062900856,0.109085284,0.14019895,-0.10520031,0.18740526,-0.1457226,-0.055185672,-0.004945805,-0.2159607,0.029237594,-0.12265304,0.20129746,0.10814917,0.022053124,0.047456816,-0.014468399,-0.046248376,-0.006601665,-0.05300335,0.15273058,-0.11143846,-0.08412836,-0.10574157,0.052707568,-0.14742148,-0.09138665,0.13398077,-0.03198094,-0.09367414,0.038295418,-0.1441473,-0.10881841,-0.04176745,0.042940956,-0.22085723,-0.053104136,-0.021332046,0.043438334,0.0050299307,-0.013664733,-0.022450967,-0.050584454,0.16166987,0.07082282,-0.17759646,-0.040934913,0.14907822,-0.085794024,0.047555655,0.14228453,0.027468303,-0.047107518,0.11400523,-0.00555495
-0.11020006,0.04324221,-0.14460099,0.07133844,0.15916137,-0.063589856,0.16309857,-0.06969897,0.011363008,-0.09713796,-0.024606725,-0.048972785,-0.0581296,0.09444306,0.10069066,0.112077095,-0.08814402,0.047062263,0.12783444,0.017649045,-0.057655487,0.017398983,-0.07051111,-0.0139206005,0.010648015,0.13399297,-0.11360789,-0.04702413,0.13033977,-0.111372635,-0.11809243,-0.007168233,0.051674187,0.123778,-0.1452806,0.03896954,0.04008622,0.17384993,0.027542707,-0.060373664,0.012470008,0.07894088,0.04690717,-0.14851488,0.14325379,-0.068304814,0.057755925,0.15462095,0.036878005,-0.09855155,0.079139814,-0.077898875,0.1525442,-0.12408593,-0.061816543,0.0050897934,0.046915814,0.066378206,0.053625762,0.05119975,0.09459336,-0.0005715477,0.15290615,-0.05587883,0.14612664,-0.12496059,0.082942344,-0.050891493,0.06265277,-0.08639118,0.08818516,0.2254831,-0.00079045555,-0.0715682,0.03043917,-0.17104042,0.017682914,0.16684933,-0.14980263,0.08886219,0.04341346,0.03772435,-0.16867918,-0.07506761,-0.0059098643,0.17211632,-0.111684136,-0.15652646,-0.12703583,-0.008654483,-0.09903297,-0.15855269,0.028529217,-0.01950901,0.047610916,-0.22726627,-0.027809653,-0.03622174,0.0016900466,0.074198775,0.18395038,-0.11710078,0.0127615705,0.09407467,-0.014473921,0.088088825,-0.010587796,0.15304641,0.029409764,-0.15467656,-0.09551442,0.023492042,0.16168919,0.07242065,0.058363352,0.051944572,0.10579189,0.06468378,0.031996727,-0.037882544,-0.0980604,0.12354715,0.01784692,0.1010917,0.013294523,-0.15445831,-0.14487588,0.010257048,-0.08918033,0.1380547,-0.08002237,-0.2412134,0.16143051,-0.09595588,0.10086967,-0.0028367569,0.069017865,-0.06452853,0.10884398,-0.14698741,0.097878456,0.055679638,0.0067822793,0.024997784,0.036576193,0.019014094,0.06919837,0.043543153,-0.0710087,-0.13228978,-0.08140095,-0.13853976,0.017571388,0.04076441,0.02188754,-0.13015965,-0.05967383,-0.09006083,-0.030793406,0.084352426,0.10669539,-0.067179225,0.0009123684,-0.032691464,-0.124869555,0.12923935,0.23636423,0.12915792,-0.033730514,0.010278709,-0.057217944,-0.06758094,-0.013553755,0.048865892,-0.009010366,-0.2454921,0.04198935,0.13432781,-0.3141726,0.047241546,-0.058255397,0.1344684,0.01693776,0.069668725,-0.15276507,0.11271495,0.032941576,0.05312878,-0.06874969,0.021176718,0.101091854,0.10257043,0.020199096,0.050698604,-0.12829855,-0.04030293,0.1448112,0.075106196,-0.11210041,-0.032465283,-0.15952702,0.097645745,0.16544089,0.06819453,-0.06543418,-0.16740878,-0.12635285,-0.01993597,-0.08094175,-0.047401607,0.032102335,-0.14961094,0.11962725,-0.03614506,-0.1423291,0.038589828,-0.16284236,-0.002458366,-0.027349785,-0.0060175974,0.11855403,0.026994273,-0.032337934,0.1176136,0.12062533,-0.09743353,-0.2381777,0.24507515,-0.015124858,-0.13334619,-0.04013648,-0.118949175,-0.10200443,0.015096244,0.079027876,-0.07070234,-0.07697785,0.05778911,-0.084721014,0.10223034,-0.054020353,-0.05854765,0.043970395,0.015480967,0.17603564,0.04263541
-0.13630873,0.14731054,-0.013753308,0.007937979,0.09213693,-0.115646616,-0.08024575,-0.18054815,0.038830966,0.060388416,0.12850992,-0.3663609,0.13038278,-0.01309779,0.10826791,-0.08180642,0.0577311,-0.2625159,0.019003283,0.1567088,0.09217625,0.009521741,0.06563739,-0.033597518,-0.0042902664,-0.0010524865,0.10755946,-0.03167651,-0.018084535,-0.07352347,-0.111556016,-0.15743974,-0.0037084923,-0.006626448,-0.019703295,-0.2308495,0.10423679,0.06131721,0.055495627,0.02337666,0.14336844,0.11298374,0.08430896,0.035014514,0.10305782,-0.0937931,0.19237469,0.02883021,0.019393487,0.122361414,-0.09925323,0.09745021,-0.037135407,-0.23361365,0.018431498,0.10587125,-0.071486026,-0.0718501,0.10763742,-0.12486509,0.050458897,0.07016316,-0.18464638,-0.053547055,-0.11830513,-0.08204979,0.021941254,0.015536214,-0.3461058,-0.022794686,0.03624482,-0.09075382,-0.12816414,0.041204643,-0.0579376,0.09784652,0.08194156,0.01035936,-0.00576903,0.10010831,0.078673616,0.12650725,-0.017259216,0.10118472,0.029913805,-0.008132177,0.02807001,0.04269524,-0.0054143714,-0.00033129455,0.09152524,0.05671653,-0.027891953,0.018294757,-0.4904758,0.029457185,0.01762035,-0.05089697,-0.08019481,0.119844705,0.03590755,-0.1862976,0.06512873,0.08869624,0.030881071,0.11940214,-0.065024726,0.019203112,-0.008053403,-0.10209796,-0.089481264,0.10562458,0.057606943,0.07081325,-0.16952127,-0.07192521,-0.006235873,0.072726935,0.044739183,-0.074549295,0.03815833,0.010481295,-0.434839,-0.07454418,0.076710045,-0.044077195,0.051034585,0.11842187,-0.08623871,0.027770523,0.014412362,0.0010208995,-0.12350104,0.07608028,0.03342912,-0.022882467,-0.085755534,0.05351881,-0.07296047,-0.32699072,-0.06605327,-0.024357278,-0.04082489,0.100729235,0.07614083,-0.43951958,-0.23051305,0.038024426,0.15414177,0.013886852,0.005330775,-0.06550912,0.006229636,-0.04798671,0.043707684,-0.0009074062,0.010207481,0.19130188,0.07650705,0.106167756,-0.1139554,0.0218219,0.120582804,0.01002571,-0.015353008,0.12961087,-0.033869248,-0.16705589,0.12776963,-0.07264894,0.0257697,0.019517861,0.032062616,-0.2255677,-0.011393306,-0.03413384,0.18695039,-0.18932816,-0.012776018,-0.02427754,-0.06081885,0.24713187,0.0060524154,0.13228877,0.067439355,-0.13123503,-0.16287346,0.02470895,-0.4029298,-0.063174054,0.033114206,-0.0003520071,-0.14043853,-0.05627836,0.053437293,0.062370036,0.05495468,-0.33564362,-0.07387557,0.12693268,-0.2385663,0.0778342,-0.026509266,0.02433528,0.035359927,-0.09316432,-0.05377409,-0.18276778,0.00892583,-0.0074495194,-0.807864,-0.012216883,0.04860355,-0.06975031,0.16400404,-0.002717473,0.033619545,-0.04278959,0.05576925,0.14029413,-0.093367144,-0.04538142,-0.16594496,-0.06644055,-0.046893124,0.019589692,-0.08356752,0.039637316,-0.04949709,-0.047224768,-0.045948934,0.18820997,0.119964354,-0.022324504,-0.21792422,-0.046565875,0.07317064,0.0197817,-0.085336685,0.12462697,-0.27996197,-0.015715098,-0.16733104,0.01209876,0.07797693,-0.09758274
-0.05451431,0.27369723,0.20606422,-0.07504416,-0.057282325,-0.06220464,-0.43130827,0.02872294,0.12783018,-0.16280101,-0.051266376,-0.10755415,0.12939449,0.06791684,0.045926027,-0.02280907,-0.026367752,-0.20822176,0.017284563,0.043191094,0.022982242,-0.21257746,0.23927607,0.076961055,0.08937625,-0.049615398,0.18443452,0.034705285,-0.08982386,-0.06646781,0.19990197,-0.121545546,-0.042079777,-0.11434499,-0.02866628,0.15881228,-0.15330257,-0.1958688,-0.17647754,-0.12346109,0.17971069,-0.13302006,-0.022611227,-0.120547086,-0.03245539,-0.081892535,0.011331589,-0.039204843,0.061352335,-0.20368303,0.18997976,0.22417277,0.19001819,-0.13760833,0.03651717,-0.02930104,-0.111687295,-0.09123291,0.02745139,-0.30423674,0.15088889,0.061332922,-0.2961842,0.003607132,-0.16523533,0.15104534,0.17803809,0.089340374,0.12454719,-0.008480031,-0.13131863,0.04074014,-0.069786265,-0.05615012,0.06785828,-0.117418505,-0.0058540655,-0.08133988,0.056693908,-0.1360766,-0.022872278,-0.1012573,0.059345577,-0.41139778,0.11086065,0.09581737,0.076773256,0.07344554,0.25494483,0.018337367,0.22796835,0.05607337,0.054852065,-0.023413545,-0.28897566,0.14920644,-0.22672498,0.09714632,0.024795165,0.101306476,-0.10788549,-0.013875499,0.08375513,0.042350825,-0.19836915,-0.14490898,0.0070729246,0.031126505,-0.07344357,0.059407447,-0.006376326,0.023586841,-0.00824152,-0.0510165,-0.0066319695,0.13452552,-0.080500096,0.070787795,-0.0038538394,0.120736584,0.08391122,-0.07886068,-0.5028089,0.1309563,-0.041768376,0.13794288,-0.18686767,-0.033656523,0.076524846,-0.03477017,0.15889448,-0.090554476,0.016244113,0.11324248,-0.05233119,0.0044768606,0.10012954,-0.051236346,0.1253933,-0.24414709,-0.010800442,-0.16185594,-0.103739664,-0.04328964,-0.055038597,-0.31587073,-0.26482257,-0.09660635,0.18436101,0.024169948,0.12215352,-0.010367926,0.035806783,-0.060092457,-0.042144198,-0.0768916,0.048603643,0.0005789724,-0.10554376,-0.018946696,0.07189507,0.00059045956,-0.16877703,-0.045568094,0.078873664,0.10175093,0.12903632,0.1677132,-0.119745225,0.03946554,0.08151985,0.16007547,0.011317258,-0.16646488,-0.03235897,-0.08914241,-0.09752551,0.006284647,0.0301651,0.028408622,0.046203203,0.14585763,0.08251542,-0.16591941,0.15745974,-0.20519534,0.14452924,-0.04080192,-0.26707673,0.03035064,-0.04862651,0.04009339,0.013275412,-0.076839566,-0.08584598,-0.11009164,0.13789745,-0.030208021,0.15976672,-0.17072211,-0.115900815,0.08491135,0.12845966,0.03693666,-0.053303104,0.16418602,-0.02730687,0.036091927,0.21043216,0.0042841625,-0.58470553,-0.0017412929,0.14444505,-0.051132347,-0.08219377,0.037254706,-0.117223844,0.16056266,0.23633407,0.08021544,0.12293388,-0.003343121,-0.14127773,0.0926047,0.06580351,-0.14330491,0.06597305,0.033635292,0.16623421,0.13369349,0.03960788,0.17543381,0.22963625,0.049692474,-0.20795298,-0.012567438,-0.17540513,0.011201626,0.18096781,0.0031434551,-0.14343193,0.09910162,-0.046102878,0.028855026,-0.055951,-0.00053365924
-0.14737609,0.12651849,0.15018815,-0.15555091,-0.01768104,-0.05965763,-0.04901877,-0.40893987,-0.055291392,-0.06849672,0.11909855,0.15672782,0.05280542,0.019364314,-0.008840084,0.26642853,-0.09798155,-0.22658594,-0.06415124,0.06776315,0.12483896,-0.03230538,0.087802015,-0.123351045,-0.0070325267,-0.19816442,-0.08173679,-0.080456175,-0.038253967,0.09877129,-0.08636081,0.17690183,0.118627675,-0.071271054,-0.1817459,0.030401986,-0.05633677,0.012747005,0.16795121,-0.04699003,0.054530803,-0.12631059,0.07254581,-0.10629409,0.019367566,-0.0644554,-0.21404172,0.014852351,-0.085244395,-0.19699864,0.0515037,0.023496872,0.042621825,0.20144519,0.06444535,-0.014839324,-0.18757859,0.04900814,0.11201378,-0.06995942,0.15749592,0.19121885,-0.021305585,-0.1433168,0.17202292,-0.07693761,0.019311316,0.0046460787,0.11283158,-0.12554507,0.124454066,0.028589211,-0.0024759518,-0.0020544603,0.040735576,-0.057409648,0.083407775,0.0634601,-0.032150116,0.02506509,0.0018989998,-0.14494058,0.025928907,-0.095325276,0.0892772,-0.05879079,0.10119075,0.035485182,0.12621601,0.024328606,0.17522573,-0.08669709,-0.0927251,0.117372,0.053909756,-0.07296313,-0.10782266,-0.26944336,0.09676652,-0.16988598,0.010254919,0.16180709,-0.20093945,-0.051225055,0.07652045,-0.22545432,-0.0039880257,-0.114955485,-0.004239719,-0.12895666,-0.102703676,-0.035886742,0.12820572,0.069281004,0.11423504,0.19585681,0.08851918,-0.0627717,-0.025049126,0.03227212,0.056496993,-0.09658503,-0.09473669,-0.12055802,0.023535995,-0.0058815377,-0.110688195,0.17448342,-0.062428042,0.22128679,0.05557916,0.045265567,-0.1989591,-0.17017065,0.1343739,0.10775389,-0.049385667,-0.13724536,-0.15950708,0.10070559,-0.08272839,-0.04746207,0.026240267,-0.06797753,-0.042783838,-0.22405297,0.05113551,0.04500793,0.06855667,0.07843274,-0.089453556,-0.031097274,-0.0066467654,-0.0029609362,-0.0073404056,-0.10272546,0.088330336,-0.09836707,0.012000638,0.07636458,0.1691567,-0.059115358,-0.07050037,0.06335653,0.029354777,0.013829107,-0.018655835,0.0021849615,-0.03359048,-0.06214977,0.060065165,-0.012445385,0.033951357,-0.12739679,0.08026681,-0.15296417,-0.03680637,-0.1445275,0.096520096,-0.16115543,0.09776942,-0.046241205,0.028358199,0.1090474,0.0033149184,0.14069115,0.14779437,0.00049242255,-0.23990528,0.038037457,-0.11561289,0.01137939,-0.08137537,0.111811385,0.00045563435,-0.07208,0.036369544,0.11984865,0.2590786,-0.08589601,-0.20773527,-0.039804965,-0.10330185,-0.0049131922,0.018236244,0.14949293,0.018639244,-0.032040644,0.008868703,-0.023141118,0.19342168,-0.06573394,-0.09473674,0.061102677,0.16866712,0.05091266,-0.008904994,-0.028265113,0.22653559,0.22889236,-0.07183522,-0.09377232,-0.111783095,0.048050042,-0.048312817,0.12709722,-0.035882466,0.055879265,0.04043865,0.10682056,0.071652435,-0.025095392,0.18518458,-0.007554688,0.11448968,0.07660419,0.06387029,-0.106476374,0.020431561,-0.06566853,-0.29209426,0.18184173,-0.013697627,0.15211837,-0.0023458987,-0.18242703
-0.11999131,0.12562525,0.043972146,0.046753343,-0.1432443,0.016287794,-0.0875385,-0.4921641,0.092026934,-0.07192674,0.10110711,0.20156631,0.07281912,-0.048532072,-0.11409706,0.09811193,-0.04184599,-0.070639916,0.07820957,0.19062431,0.014406128,0.0253918,-0.008797452,0.037373465,0.025500385,-0.19200566,0.0568491,0.030509047,-0.022131905,0.19242887,-0.009466694,0.13631144,-0.15789476,0.09020203,-0.1717863,0.13568762,-0.017505514,0.04975215,-0.018732082,0.062242657,-0.18078461,-0.030368952,-0.11208822,0.13251644,0.104302324,0.16220473,-0.15915978,0.03628826,0.13012625,-0.054098275,-0.17478648,0.14296493,0.116535105,0.04692335,-0.016018912,-0.118020736,-0.12276451,-0.15675451,-0.06917823,-0.014217162,-0.011230069,0.15456696,0.14049125,-0.08120341,-0.10309818,-0.027342422,-0.12092085,-0.14125432,0.22418132,0.057546105,0.1121474,-0.018535502,0.050189853,-0.15102072,0.13671292,0.083118364,0.030346375,-0.19968186,-0.11369082,0.14923206,0.08489576,0.0035555596,-0.14913876,-0.1254273,0.048687857,0.01866454,-0.11960603,-0.03489376,0.2120186,0.0644934,0.17983945,-0.17196365,0.080375634,-0.08582316,0.123409934,-0.0395544,0.06960646,-0.25446787,0.018331265,-0.04987306,-0.094275296,0.24088328,-0.04686216,0.09809216,0.0058664395,-0.09029106,-0.008449969,-0.062683515,-0.07305937,0.20837328,-0.020203471,-0.014732897,-0.091682054,-0.123008534,0.20689934,-0.06639107,-0.09265557,-0.21675037,-0.03592114,-0.14101784,0.043705713,-0.07028068,0.12175406,0.15788592,0.018989366,-0.0765163,-0.18052325,-0.0133115435,0.017064516,0.118115254,0.11616519,-0.07780293,0.17823946,0.1251223,-0.059849646,0.07675983,0.01888372,-0.08315564,-0.0740496,0.06827661,-0.08286761,0.009660784,-0.1515358,0.062784925,-0.092637464,-0.17274497,0.119211756,0.0064210873,0.03453095,0.008779003,-0.016960012,-0.122675225,0.11071507,0.17719692,-0.004044889,-0.1171876,-0.123453654,-0.062369138,0.091397494,0.14909986,0.018899811,0.0297416,0.14592202,-0.08389751,0.07854391,0.07601378,-0.019121045,-0.028745653,-0.1351301,0.16144782,0.115045406,-0.15658605,0.014186469,-0.039589822,0.04147362,0.13668439,-0.14648214,-0.1458588,0.08712026,0.12714918,-0.05180698,-0.087487236,0.113708414,0.15312178,0.123065054,0.17451563,0.24312791,0.15736315,-0.15491404,-0.07791145,0.08939252,-0.0597252,-0.022970837,-0.15317,0.034967776,-0.077355504,0.24248548,0.07538686,0.20523885,-0.108591646,-0.18059197,0.04755505,0.043023072,-0.09997726,-0.0023723457,-0.06946176,-0.047717404,-0.07423713,-0.05586345,0.009927158,0.040902607,0.033980876,0.11815582,0.103351444,-0.1176665,-0.03072292,-0.11140623,0.10083634,0.030139862,0.2575624,0.1504074,0.11332541,-0.16802855,0.12428291,-0.017841313,-0.059970304,-0.006737063,0.08823457,-0.13979001,0.23121674,0.0051286616,-0.01821815,0.18656822,-0.0075797597,-0.0068568257,-0.027824868,-0.033687655,0.0025704491,0.11228351,0.059461698,-0.3090808,-0.11776634,-0.07266576,-0.037703533,0.011692655,-0.03249015
-0.13020454,0.07549117,-0.089780055,-0.12369801,0.026232064,0.022227613,0.13287702,0.013297467,0.10574872,-0.30874145,0.100544915,-0.03753775,-0.060229853,-0.07470796,-0.28614596,-0.034786716,0.0052479976,0.049392916,0.12078078,-0.11524614,-0.27835193,-0.112143755,0.07291976,0.028569868,-0.33417454,0.13416831,0.06478208,0.024979163,0.025701365,0.0054234355,0.052290827,-0.05122078,0.12789656,0.026316928,-0.07568408,0.09631451,-0.19838512,0.1061896,-0.072705664,0.16189355,-0.10986451,-0.0075073643,0.013158238,0.1805999,0.12784232,-0.101433955,0.15253668,0.037007146,-0.01727117,0.008194566,-0.08045715,0.10826255,-0.026840976,0.043131705,0.06478099,0.058680136,-0.07224984,0.01486746,-0.112713635,0.090176895,-0.13677703,0.12499782,0.10109506,0.09993809,-0.1169368,0.09034213,0.08356007,-0.09431208,0.07120598,0.09004327,-0.04106917,-0.04016593,-0.13690256,0.01828979,0.08866668,0.011336093,-0.052816868,0.030519508,0.023898682,0.13758717,-0.33188394,-0.032155726,0.039542295,0.054311786,0.14598952,-0.034212545,0.05562624,0.09175733,-0.01537487,0.10081046,0.14826785,0.16872858,0.16154635,-0.33953774,0.033383332,0.035896163,-0.09902072,-0.13029994,-0.4171037,-0.25417233,0.09074129,0.05998068,-0.037220877,-0.03935432,0.09765104,0.08986255,0.09928013,0.05699298,-0.012143263,0.04683906,-0.13273789,0.07859057,-0.011794401,0.054904677,-0.13330373,0.09155565,0.11781374,0.07083396,-0.34594887,0.036133002,-0.0040193712,0.02500053,-0.037641283,0.008041563,-0.00978213,-0.006333261,0.09550978,-0.04051209,0.073754266,0.0361101,-0.21402009,0.06784243,-0.037106443,-0.017098367,-0.016033322,-0.06289623,0.120853394,-0.15251896,0.07008727,0.0016939591,-0.12641843,0.0147380335,-0.0024247142,-0.30867907,-0.02834981,-0.035806242,0.07558906,0.08420682,0.0037127703,0.17731826,-0.039698247,-0.121106125,0.055413973,0.082131356,0.04428777,-0.023091594,-0.05033169,0.012619827,-0.029985813,0.005616593,-0.031430006,-0.96039873,-0.01038935,0.0093292445,0.00952878,-0.010737324,0.021251824,0.012069685,0.022390619,0.003158515,-0.047555204,-0.027480839,-0.21137582,0.093124256,-0.104195304,0.031873874,-0.047888137,0.11134646,-0.0797472,-0.037529193,-0.04979395,0.050675526,-0.11382566,0.12666452,0.024319213,0.038877387,-0.06494679,-0.19425389,0.00398418,-0.057265,-0.0116147855,-0.041383877,0.10204828,-0.004528056,-0.049066294,0.079090685,-0.120071106,0.10054868,-0.03626714,-0.049262438,-0.005355057,0.04417218,0.0035411075,0.07437353,-0.024211615,0.06689435,0.0472738,0.091637604,-0.1489961,0.032868017,-0.019624606,0.21054152,0.03890379,-0.10150396,0.1376389,-0.0538847,-0.050090574,0.07493938,0.0029224327,-0.029903745,-0.041462667,-0.04858355,-0.14554441,-0.20137867,-0.08750116,0.06257367,-0.29980737,0.15103178,0.072635286,0.12829551,-0.107003815,-0.14158419,-0.052531622,0.0453842,-0.075798556,0.06765389,-0.048571803,-0.033426743,0.044362325,-0.10325543,0.04855869,-0.1278699,0.11832979,0.0018485921,0.1480652,0.10845577
-0.04081408,-0.042578053,0.021740744,-0.01888868,0.15646595,0.09899959,-0.08392351,0.12955843,-0.08585492,-0.28488767,0.13856292,0.055868197,-0.00923276,0.08269406,-0.22838674,0.07515817,-0.10528501,0.012286489,-0.14687067,0.08480255,-0.29840815,-0.16002803,0.02816506,-0.06114138,-0.016640337,0.09154215,-0.05402151,-0.040354434,0.10345078,-0.11710587,0.04038566,-0.07069317,-0.041408747,0.021223351,0.022985294,0.09551956,-0.041334115,0.08252991,-0.12774184,-0.0009990898,0.16602121,0.05700117,-0.101620875,0.01286853,-0.07960241,-0.0055101053,0.103794605,0.061968863,0.02932048,0.09078124,0.097532056,0.014499799,0.0013012062,0.06750904,-0.10532015,0.16256925,0.08678354,-0.013603998,-0.20935965,-0.0887866,-0.04850471,0.026330652,-0.18231444,0.09442323,-0.34360108,-0.10346585,-0.23473927,0.1073857,-0.05527307,0.13787566,0.029217618,0.12199277,0.030987548,0.06180994,0.089140795,-0.030834826,-0.04176448,0.12183023,-0.022711819,0.22353908,-0.16162904,0.055155855,-0.09053836,-0.05828654,0.012167741,0.09003079,-0.122443065,0.07210462,0.15627137,-0.021093605,0.06808167,0.16749644,0.044341963,-0.5813428,0.03577056,-0.044105526,-0.028882015,0.017450623,-0.18888776,-0.22079155,0.20370626,-0.025945574,-0.18299346,-0.029640842,-0.014171955,0.0027916718,-0.03213353,0.09732565,0.03736821,0.037571304,0.12328087,0.06404651,-0.11538317,-0.06371995,-0.07930147,-0.05701798,0.097731814,-0.15436359,-0.6287118,0.11379201,-0.050097212,-0.013356389,0.04924702,0.114739195,0.05086314,-0.07522492,0.049852822,-0.004116828,-0.037039775,0.14832847,0.0037340587,-0.19636604,0.14675942,-0.009679238,0.121701084,0.18209721,0.012661824,-0.059585366,0.037316725,0.014909482,-0.17365001,-0.0023637088,-0.09606676,-0.02290197,0.067545995,0.031852182,-0.21830639,-0.1898385,-0.13199465,0.021136275,0.123531245,0.13332857,0.056845155,-0.034151692,-0.046134993,-0.0848982,0.10362242,0.14407843,0.024431676,0.07945156,0.008421488,-0.8864538,-0.69593644,0.022325546,-0.01603444,-0.15229757,0.048751175,-0.03986041,-0.08017374,0.009036745,0.12867399,0.15436086,-0.20325358,0.099247284,-0.30618492,0.028496845,0.04173433,0.046735276,-0.080767155,0.11813936,-0.066445254,-0.08558815,-0.14479393,-0.037593897,-0.17404905,0.07787286,-0.08846615,0.045051653,0.12600733,0.04308039,-0.027468525,0.009218116,0.026928095,-0.10685496,-0.012677541,-0.08203761,0.15147577,-0.279573,0.018620102,0.018344523,0.051441524,-0.046875436,0.004327308,-0.06184839,0.0496773,0.04230936,-0.0033866784,-0.01030209,-0.029093781,-0.24784239,0.090383045,0.08671615,0.18039428,0.011604831,0.0850785,-0.06183049,-0.0009225252,-0.046707608,0.15070783,-0.09719587,0.071490265,0.06263969,-0.061260257,0.07306312,0.024352549,-0.28240487,-0.20812334,0.106063604,0.15261525,-0.11844014,-0.17476344,-0.17390138,0.0557526,-0.035481036,0.038609847,0.15000266,0.045327425,0.09056922,-0.18624233,0.1636699,0.1256448,0.09793613,-0.02651702,-0.09267948,-0.07802585,-0.09996459
-0.07461724,0.05402263,0.07935689,-0.02570356,0.20281932,0.2128781,0.0043480736,0.11964991,-0.053450417,0.057434075,-0.0910338,-0.025133345,-0.076321885,-0.13703728,0.047208562,-0.056118567,-0.010848782,0.03558996,0.0672181,-0.04222884,-0.18485978,-0.17103934,-0.11287502,-0.076932006,0.31066632,-0.11584571,-0.026030988,-0.04238651,-0.13709074,0.1607086,-0.024081491,-0.04920922,-0.041088223,-0.15342137,0.04932912,-0.07690686,0.12921764,0.117746696,-0.015022403,-0.20942298,-0.08131452,-0.0038592806,0.2008488,-0.1230913,-0.11718464,0.2641424,-0.05158704,0.06277898,0.14431201,0.041619573,0.16835445,0.09959993,-0.08953928,-0.0047050007,0.083081454,0.15146582,-0.028497744,-0.16281949,0.1492288,0.101287395,-0.079020336,-0.100236416,0.06932232,0.03458245,-0.09971406,0.04035984,-0.15318018,0.056464486,0.021687014,-0.10330761,-0.1637689,-0.005602614,-0.113313444,-0.13814087,0.30634302,0.10707713,0.08140268,0.10761523,0.0022197831,0.0023535758,-0.35758415,-0.058285985,0.050546948,0.023633825,0.25807846,-0.11703147,-0.10459129,-0.11017384,0.09454644,-0.020312434,-0.077111065,0.094623715,0.22821967,0.24495417,-0.011013684,-0.009529983,-0.043454424,-0.1997044,-0.06906411,-0.16297385,0.1203072,-0.0022314254,-0.14979532,0.024749346,-0.11061164,-0.034854446,0.08821237,-0.05895656,0.013931549,-0.1458512,-0.0011570901,0.06573058,-0.0478693,0.1032468,-0.06627594,0.24214765,-0.11014945,0.004502403,0.07596849,-0.09060964,0.026399637,-0.037381813,0.08661963,-0.06902959,0.12583822,0.16806673,0.11864826,-0.23635624,-0.012838169,-0.1224701,0.08384981,-0.09641853,0.038747016,0.0076469444,0.058785073,0.08268109,0.02646933,-0.0030536572,-0.10512303,0.15900998,0.067317754,0.005026307,-0.030357545,-0.1545746,-0.019598946,0.06517756,-0.1725733,0.10162494,-0.1711194,-0.04764437,-0.06296854,0.031613257,0.058541257,-0.03793186,-0.026498385,-0.15353058,-0.051491268,0.11598555,0.15680854,0.059318833,0.20964868,0.18023367,-0.07515506,-0.13672218,0.080895014,-0.025962729,-0.10870804,-0.12119334,-0.14823136,0.087513894,0.23302037,0.062157236,-0.27088547,0.1276547,0.120524265,-0.038953207,0.015945356,0.21881574,0.08637451,-0.10737624,-0.094161995,-0.052795783,-0.20995745,0.12793918,-0.16653433,0.15633968,-0.0028192857,0.10527938,0.13261189,0.021250332,0.0909035,-0.014015494,-0.062065985,-0.05949515,0.136834,-0.05179201,0.17902537,0.104811035,-0.063411005,0.1859452,0.0657237,0.03972479,-0.11649517,0.16474105,-0.053409517,-0.11901461,-0.04796262,0.024920711,-0.015504296,-0.072828144,-0.10970183,0.27915785,-0.114458255,0.21028566,-0.061944794,0.11824175,-0.018407457,0.15205896,-0.07288492,-0.000606474,-0.21271043,0.06389716,0.1208397,0.15648283,0.11473496,-0.16745755,-0.080548696,0.049571764,-0.039174374,-0.07660214,0.08110788,-0.117634565,-0.057239816,-0.05274688,-0.008912719,0.14238851,0.061651558,0.1139844,-0.104046576,-0.12458078,-0.13230017,0.12175898,-0.15140413,-0.10515706,0.018652374,-0.066262
-0.13129023,0.0035580718,-0.05315184,0.008426653,0.120633736,0.03562256,-0.012125447,-0.054228052,0.13914053,0.17195751,-0.06540965,0.064877465,0.057951976,0.109986745,0.14734739,0.1637766,0.028068226,0.1637959,0.010665522,0.055534363,0.013195826,0.17520094,0.038579315,0.0974455,0.21768455,-0.0807954,-0.126936,0.044151098,-0.081853054,0.12452407,-0.095317945,-0.06129837,0.1770138,-0.19213931,-0.13654846,-0.07288459,0.12994576,0.04957361,-0.0011464093,-0.10199227,0.14473078,0.09648836,-0.15078099,-0.1308289,-0.12631516,0.13463214,0.22871788,-0.13846432,-0.05016535,-0.019652594,-0.17265908,0.008052651,0.037870873,-0.040184192,-0.036610417,0.20625484,-0.115366474,0.12069363,-0.06832528,0.04991471,0.14186533,-0.107417725,0.04300332,-0.05309415,-0.037742004,0.03333903,-0.20757908,-0.14426866,0.040639248,-0.05351917,-0.18915507,-0.06336314,-0.033793323,-0.011625451,-0.14595352,-0.07631001,0.009384117,-0.07027631,-0.12634654,0.11044651,-0.3833376,-0.00672525,0.007805252,0.08261078,0.12223889,0.079319686,0.10458459,-0.19933772,0.077334665,0.10816169,-0.12778966,0.073263794,0.26124293,-0.14436695,-0.07222317,0.10395989,0.14646515,-0.17713188,0.2541589,-0.13344629,-0.020315217,-0.052227836,-0.103684954,-0.07138013,0.1041124,0.03648265,-0.05590691,-0.11391328,0.050830103,0.08192774,-0.13248143,-0.041242518,0.11240385,-0.07828338,0.1627176,-0.13752654,-0.19090986,-0.10764876,0.044121563,-0.06462968,0.071915604,-0.14900261,-0.02148678,-0.027230581,-0.18449268,0.20622241,-0.12681241,-0.03366758,0.020182475,0.15217125,0.08202954,0.12509832,-0.09268107,-0.03685506,-0.11958193,0.10050706,0.12017555,0.11751745,-0.0028096677,-0.124096535,-0.16271861,-0.069352545,-0.09377626,-0.15482332,-0.024367087,-0.1004156,-0.09411026,-0.005114154,-0.11949114,0.06059497,-0.020102909,-0.06953995,0.05736622,-0.0041329134,0.062903486,0.07897307,-0.036058374,0.09893173,-0.012764233,-0.06846808,0.21463822,0.071083374,-0.23285113,-0.0356528,-0.08137405,-0.024638925,0.03071462,0.02476527,0.018464014,-0.07011477,0.006473465,-0.10782436,-0.2761575,-0.16111323,0.077575415,-0.08478537,-0.016721012,0.14347902,0.016973302,-0.09383375,0.13817099,0.10530037,-0.16697523,-0.087461196,-0.049898557,-0.004876266,0.022516126,0.17034432,-0.122339316,-0.031651676,-0.11212561,0.013059315,-0.23056053,0.16559951,-0.13828899,-0.10254473,0.07793266,-0.1762775,0.035673656,0.27389303,-0.10534528,-0.03989276,-0.023044836,-0.15837161,0.025465686,0.13242424,0.1267814,-0.07374532,0.12921457,0.02512103,0.04405745,0.25151485,0.11070189,0.0909415,0.024044696,-0.050282147,-0.029140005,0.017214315,0.16219965,-0.01123611,0.13113847,0.03181298,0.007043735,0.16326338,-0.027329098,-0.07325954,-0.2724122,-0.11588651,0.10943156,0.16441177,-0.04424346,0.042558722,-0.029518513,0.07818515,0.15863319,0.065052755,0.16912661,-0.108980246,0.07558823,0.21932657,-0.071102224,0.0034093135,0.02446748,-0.16893573,-0.17796344,-0.06193875
0.14575319,-0.025495376,-0.063097864,-0.0011943597,-0.044174418,-0.1251978,0.02969919,-0.007836415,0.09449245,-0.03853479,0.02073595,0.027104592,0.037119817,0.094391964,-0.042559523,-0.05982702,0.10267524,0.06586346,0.07302887,0.039366644,0.029988095,-0.07731207,-0.029034792,-0.048948545,-0.043907158,-0.092583016,0.10443719,-0.85691863,0.035208832,0.037636284,0.01875471,-0.021649204,-0.021139977,-0.15376653,0.13247418,-0.14793718,-0.052401483,0.03245948,-0.11581955,0.023513544,0.0843293,-0.000827909,0.073729426,0.027489277,0.044105217,0.08174195,0.1090536,-0.095342696,0.048659764,0.0054551293,0.008568474,0.025103088,0.0077085276,0.0038166693,-0.01004918,-0.1280821,-0.13433965,0.029155329,0.06593491,0.14829643,0.1378007,-0.07554235,0.053091913,-0.03320293,0.078471184,-0.25372767,0.073194556,0.025349567,0.056784168,0.014029822,-0.08988426,-0.02733573,0.06587205,0.050672323,0.02269274,0.01819091,0.0030665752,0.057364848,-0.05147474,-0.047068786,0.07416175,-0.071248546,-0.20224188,0.030376434,-0.13737828,-0.027369222,-0.23407085,-0.51133806,-0.07892788,-0.03147879,-0.05510574,0.06716623,0.08270258,0.055805553,0.009449557,-0.023582067,-0.062480483,0.15140909,0.07836199,-0.112818345,0.11390608,0.035167057,-0.060993217,-0.13825831,0.13246067,0.09416807,0.11416258,-0.02509367,-0.011638795,0.054376036,-0.017863154,-0.41382113,0.025295371,0.07805855,0.03563734,0.0050954516,-0.016703853,0.07038608,0.06467073,0.025312066,-0.059947085,0.085879155,-0.1328257,0.06123919,0.010941209,-0.32119954,0.03548193,0.0021142398,0.019605398,-0.014312208,0.050781112,0.04179552,0.109915435,0.018478489,0.0960002,0.1290081,0.09840328,-0.013040469,0.051009405,-0.18574496,0.0973852,0.07705921,-0.044972826,0.033692103,0.1311296,-0.07141451,-0.55599356,-0.0449986,0.069101155,-0.055928785,-0.0689174,-0.13654596,-0.25907305,-0.1896354,0.003059359,-0.11927116,0.01092778,-0.18460242,-0.08181473,0.14651513,-0.023166131,0.0055211154,0.07227987,-0.081985526,-0.12878862,0.05033874,-0.05343487,-0.095788315,-0.006851122,0.014818595,0.013538827,0.18172169,-0.0528145,-0.020279432,-0.08333506,0.12624718,-0.06957132,-0.064227335,0.0028936309,-0.05679362,-0.33034766,0.07858516,-0.039334305,0.17787997,0.027238745,-0.15494531,-0.11926698,-0.01455191,-0.07543332,0.12885183,0.04680509,-0.057262413,0.051527806,-0.02310932,0.080264315,-0.04902567,0.055194642,0.045773353,-0.09686164,-0.009008419,-0.021570617,-0.3342945,0.011317219,0.0054858113,-0.0011582888,0.1364502,-0.041164216,0.13239321,-0.24248739,-0.885032,0.0005648928,-0.06982777,0.113763936,0.07596278,0.017310748,0.03847221,0.1340926,0.0561394,-0.033642504,-0.017074058,-0.12779808,-0.0031104079,-0.22319926,-0.0016540221,-0.5993984,-0.07548805,0.1764383,-0.048736464,0.020368915,-0.0571461,-0.09565507,-0.052831013,0.02180915,-1.346771,0.06537703,0.14136696,0.057658207,-0.11994643,0.12096398,-0.04946561,0.055633783,-0.08718418,-0.13050437,-0.27035785,-0.11395046,0.1967454
0.07315478,-0.13613184,-0.017467374,0.11126454,-0.09746504,-0.12388151,-0.18323128,0.06895907,0.089290254,-0.03721294,-0.15081851,-0.057952665,-0.038509026,-0.12814897,0.048472945,-0.070584446,0.04964351,-0.12378491,-0.087712646,0.09436205,0.14458661,-0.10186046,-0.047594447,0.11111606,0.07699624,-0.040312167,-0.15470646,-0.8751301,-0.1474217,-0.042201925,-0.25837728,0.15454213,-0.1496259,0.04308499,0.06448968,-0.030653922,-0.068346255,0.039766002,-0.38150704,-0.08865486,0.1552395,-0.05989544,-0.12220054,0.016415508,-0.018623333,0.098593,-0.0482672,0.07568475,0.013161647,-0.15970418,0.08914349,0.017423376,-0.067659885,-0.03556791,-0.025966698,-0.07757718,-0.07748428,0.03573985,-0.11908771,-0.01719034,0.17403387,-0.07284327,-0.13248649,-0.12719798,-0.098890945,-0.35183996,0.13573268,-0.014272675,0.001675316,0.09021433,0.11183547,-0.03454598,0.11971718,-0.112748414,0.023575092,-0.053362798,0.11241298,-0.08732667,-0.053476963,-0.035471547,-0.06943728,0.05477085,-0.20328982,-0.075808406,-0.070325084,0.041964993,0.024528537,-0.43620968,0.10482363,-0.062099695,0.091970585,-0.1206601,0.07866813,-0.02956232,0.01409873,-0.07521634,-0.013998685,-0.058955662,-0.116778046,-0.13809349,0.008653993,-0.003488186,-0.06344547,-0.16567422,-0.11773066,-0.11925464,-0.039605115,0.12469926,0.07633732,-0.11540997,-0.12727036,-0.1375223,-0.07597271,0.013236556,-0.06833224,0.053744413,-0.1272549,0.08266127,-0.03770765,-0.107179135,0.16304862,-0.0074383286,0.054679938,0.06877358,-0.030560369,-0.5026632,0.0943184,0.21972306,0.023310008,0.07910425,0.0744871,-0.14775716,-0.15256456,0.12038199,0.03441069,0.05369208,0.0034093878,0.09671241,-0.12070805,-0.056999926,0.162056,0.10458777,0.1159157,0.061342243,-0.05549033,0.01879052,-0.5219179,0.03411454,-0.20785438,-0.18185201,0.0479561,-0.11414147,-0.25897932,-0.26343596,0.024170298,0.11564627,-0.25276017,-0.2919231,0.06838813,-0.14400275,0.07423482,-5.890425e-05,-0.049400102,-0.11347729,0.06053613,-0.16219252,0.11176639,0.13166676,-0.073393375,0.055895012,-0.101272434,0.1751975,-0.07580548,0.1416736,-0.24101739,0.0013537735,0.08091493,0.122926205,0.02971215,0.12146001,-0.10215312,0.037270475,0.11301011,-0.13875669,0.05409272,0.0009109421,-0.011667957,-0.049230833,0.055895064,0.041655328,-0.17731011,0.0055962484,0.13212161,0.01271221,-0.17702867,-0.18608983,0.07611049,0.05749967,0.16796994,-0.00053270534,0.111904815,-0.34830132,-0.003348887,-0.10693545,0.025242021,-0.14830385,0.08956266,0.20498167,-0.036771454,-0.5648255,0.03753221,0.10915005,-0.023714326,0.043438308,0.0132475635,-0.040202986,0.12368675,-0.13757111,0.029172378,-0.0956714,0.17514291,-0.010402907,-0.1314079,0.07473414,-0.46884385,-0.14688314,0.09268436,-0.07038616,-0.13626355,0.11832265,-0.07599137,-0.009143383,0.08406634,-1.2665049,0.0007075877,0.10657003,0.19129755,-0.112997845,0.023977317,-0.027527148,0.050543096,0.029889882,0.11942359,-0.31514165,-0.15717955,0.19643545
-0.14732733,0.06721476,0.16683157,-0.069293216,-0.087231606,0.05207368,-0.0046798163,0.02139529,0.030343825,-0.07940661,0.022704413,-0.088641554,0.13285804,0.0821994,-0.0061445558,0.010558609,0.114025116,-0.118490376,0.12940957,-0.1368705,-0.015540622,0.0903651,-0.0055865874,-0.12894844,0.096982114,0.020633519,0.24797222,0.09525071,-0.01709823,0.24156627,0.31291524,0.05090712,0.12049519,-0.15625161,-0.14400376,0.13774575,-0.12923743,-0.013976952,-0.009808584,0.064518265,-0.04230827,-0.08962683,0.22950631,-0.0030051693,-0.1061376,-0.023455407,0.14382894,0.031115616,-0.011487677,0.08150879,-0.024949254,0.04743178,0.18138559,-0.06512906,0.12885244,-0.052870575,-0.12103357,0.14610305,0.18612756,-0.020633584,0.06675658,0.019547824,-0.06455701,0.004078725,0.028870521,0.09069919,-0.14877662,-0.1971119,-0.005973713,-0.12419944,-0.22631946,0.14896843,0.17781627,-0.04929191,0.17235686,-0.029584378,-0.21689785,-0.061636373,0.065483086,-0.011035111,0.13475686,0.082699575,0.045402408,0.0029811515,-0.05958566,0.14620003,0.25047934,-0.1130172,0.16310763,-0.027094984,0.008921176,-0.15455163,-0.078702934,-0.07324222,0.12117714,0.0855417,0.027946606,0.18161441,-0.02174136,0.030681835,-0.088865966,0.03114907,-0.113001056,-0.053456217,-0.1180499,-0.13560735,-0.07422151,-0.07620353,-0.13327388,0.21713929,-0.08606557,-0.2542983,-0.059712414,0.12602709,-0.150338,-0.21519716,-0.27407864,-0.101149835,-0.09635149,-0.13899969,-0.19558673,0.024130113,0.1036046,-0.009547315,0.03971486,0.034918245,0.06990649,-0.021267524,0.04012735,0.07728983,-0.09734241,0.010219629,-0.16713609,0.23238891,-0.21480753,0.022832304,0.095086984,0.012879895,0.05655291,0.07293031,0.008286948,0.17021354,-0.12803906,0.15002744,0.12471212,0.020655692,-0.2145769,0.26451948,-0.07555727,-0.23824562,0.015088168,0.07699473,-0.13074142,0.041105237,-0.008460333,-0.0876796,-0.1325549,0.05535863,0.16896555,0.16286524,0.066175364,0.089265645,-0.05345497,0.07816714,-0.049281977,0.107198596,-0.05352148,-0.050940488,-0.025689997,0.14832307,-0.22540233,0.07654737,-0.19363742,-0.12880652,0.08912222,-0.03130274,0.06883156,-0.115353465,-0.108362496,-0.084244534,-0.34284648,0.050144963,0.17975965,0.03897804,-0.16189516,-0.0047794604,-0.09641872,-0.17916821,0.08938493,0.3037869,0.013767497,0.2569002,-0.11825652,0.1600139,0.23132028,-0.13298614,-0.14627585,-0.022433449,-0.16484682,-0.0033041255,0.15777996,-0.20006481,0.065138325,0.05095407,-0.0703017,0.18181294,-0.09023839,0.034448907,-0.080925964,0.34536782,0.026502391,-0.08492691,0.18555693,-0.02577014,-0.025462378,-0.1244945,0.015320411,0.21781695,-0.010852299,0.20398818,-0.188298,0.20176162,-0.123240225,-0.1629724,0.0015750634,0.20836087,0.037662257,0.024135636,-0.09566459,-0.11749464,-0.12972164,0.06980234,-0.03645224,0.0149818985,0.04496997,-0.02115847,-0.24659497,0.19846047,-0.104117125,0.06574344,-0.14366387,-0.08889934,-0.088601634,-0.19542198,0.026685001,-0.029792063
-0.10701552,-0.08838751,0.1590297,0.036530685,0.040417977,0.05565699,0.14282364,-0.026886787,0.08629743,-0.07504641,0.07461118,0.076677464,0.08066156,0.003671678,0.01379881,0.0072170035,0.09866787,0.05761273,-0.078708194,0.014426135,-0.13207355,0.1741143,-0.20329376,-0.0019382559,-0.16196626,-0.023018904,0.035146173,0.023421288,-0.1488464,-0.084464006,0.13047618,-0.16894872,-0.13118339,0.05973077,-0.1429207,0.09056445,0.11660851,0.08508782,-0.08305885,0.1341122,0.029581662,-0.06286605,-0.044580664,0.06246861,-0.06446771,-0.02588683,0.0075700465,-0.006728661,0.048384987,0.0073377336,0.057789627,-0.09361441,0.00033054833,0.06556821,-0.15918025,0.120853625,0.04155893,-0.08063492,0.07379733,-0.10590302,0.18329147,-0.1734345,0.0054413737,-0.05590613,-0.08329026,0.028939027,-0.0222333,-0.050645076,0.03321557,-0.17119832,0.07752267,-0.079319924,0.02198913,-0.032827303,0.13122885,0.056547914,0.30699542,-0.005772973,-0.15430588,-0.015377966,-0.04816144,-0.0361144,0.12161138,0.026877243,0.0145365475,-0.14197862,0.1787701,0.07636229,-0.14240828,0.11341446,0.09574956,0.120633535,0.048238747,0.03476635,-0.14496256,0.058590304,-0.08132839,0.14230172,0.088318944,-0.12800017,0.14394246,0.12930743,0.063441046,-0.018138742,0.15386134,-0.10267859,-0.03510838,0.013583592,0.17463388,0.011412014,-0.03292699,0.055715334,0.11054708,-0.13593799,0.022135874,0.124349646,0.11111954,0.062744044,0.14035611,0.07076183,0.13200259,-0.08177773,0.04028003,-0.04891687,0.0036751716,-0.08113941,-0.10293868,-0.10329635,-0.06337061,0.11131698,-0.12426471,0.102451235,-0.0160222,-0.029497525,-0.21728235,-0.09290452,-0.16009712,-0.15264592,-0.08917906,0.05430861,-0.1127169,0.17346963,-0.13625406,-0.09110568,0.14061135,0.0013776929,0.15715997,-0.2622488,0.10171554,-0.14432289,-0.056086995,-0.15329185,-0.0018093823,-0.11113756,-0.014597745,0.046994854,-0.10625426,-0.06387995,-0.14541996,-0.10376219,0.21870242,-0.073062815,0.060121316,-0.101690255,0.13834074,0.18569253,-0.0037063851,-0.042821553,0.017408013,0.11909925,0.026896989,-0.07227687,-0.15728962,-0.12362065,-0.1942297,0.053985544,-0.072063856,-0.15919276,0.0026079,-0.027604911,-0.19681992,-0.06966511,-0.045901533,0.040662955,-0.038209878,-0.044607785,0.08564101,0.131148,0.11939532,0.15526769,-0.0779477,0.13163975,0.08998088,0.019747365,-0.046529736,0.09557773,0.0046177083,-0.15246473,-0.009802174,0.091196194,-0.041782074,-0.053770643,-0.002892749,0.073220044,0.0589151,-0.094967835,-0.13321109,-0.019231351,-0.25364166,-0.01784395,-0.0328508,0.02640921,0.11199184,-0.01610425,0.14333388,0.13941078,0.12856562,-0.09917124,0.027893025,-0.111591354,0.15852313,-0.11175326,0.07386237,0.020134334,0.2999982,0.1993072,-0.03847007,0.10320626,0.04469752,-0.1635141,-0.084906034,-0.036502406,-0.073688515,0.08699824,0.050639328,-0.11772365,-0.07800069,0.17565298,0.039040327,-0.08179865,-0.17525168,0.17523625,0.03029994,-0.15468565,0.045356918,0.039735936
0.06907801,-0.11852289,0.07048716,0.10091653,0.12700158,-0.0025281992,0.07809774,-0.011351271,0.07197987,-0.28940207,-0.032410633,0.0010705238,-0.06869958,-0.018971706,0.010540391,0.06131594,0.052957084,0.060820583,-0.23324135,-0.02591674,0.105594456,0.013845853,0.07103033,-0.01701493,-0.007886573,-0.2351152,-0.013732286,0.003917866,0.06424507,-0.091984004,-0.042363428,0.07369738,0.05974345,0.06258407,0.11757364,0.021717379,-0.011653784,0.16086447,-0.18029,-0.03328177,-0.082101546,-0.043196097,0.0047871917,0.0175183,0.08945285,-0.10592706,0.10779521,-0.043795772,-0.14138864,-0.09130802,0.0027631866,-0.06455843,0.046955217,-0.018666407,0.08949541,-0.1063945,0.1797435,0.013051446,0.12446822,-0.07059907,0.07341032,-0.13584393,0.075828135,-0.11254429,-0.07976868,-0.05039649,0.013925369,-0.15852167,-0.049714856,-0.17282107,-0.040800966,0.05545155,-0.16272332,0.08600492,-0.041164216,0.03148784,0.057752658,-0.080002144,-0.040555917,-0.017236594,0.012097193,0.09500619,-0.107276514,0.011990738,0.04363027,0.01330099,-0.1134886,0.06505947,0.1198983,0.060082488,-0.14685409,-0.0022021665,0.100477576,0.05206696,-0.05891735,-0.38323402,-0.009916929,0.07086963,-0.026578395,-0.11657102,-0.043160155,-0.07027189,-0.23394701,-0.10230487,-0.014195192,-0.13389905,0.010180249,0.016309435,-0.065831274,0.08822336,0.019547105,0.03064575,-0.13565964,-0.14697888,0.0855894,-0.08682363,0.037440356,-0.08860866,0.06556796,-0.1532209,-0.04382472,-0.10985706,-0.0074329292,-0.99325675,0.022292152,0.08007795,-0.18582182,-0.046509665,0.020185916,0.17793062,-0.08187979,0.050966505,0.0032231477,0.17779367,-0.026932992,0.03739517,-0.10355125,0.10593024,0.027781224,0.039136678,0.13155048,0.08143594,-0.041069075,0.057348963,-0.000983759,0.058891423,-0.0993062,-0.012132508,-0.24878755,0.07024235,-0.015919968,-0.1204799,-0.06184922,0.09866401,-0.023576438,0.0010814816,-0.5834326,-0.15109544,0.11607859,0.030140644,-0.09855872,0.0026801561,0.08251265,-0.017211035,0.10868371,-0.12387877,0.026812347,-0.1318399,0.11676283,-0.027755544,0.0979882,-0.10412317,0.09361237,-0.1817806,-0.06355325,0.05778511,-0.009427255,-0.10235859,-0.29108557,-0.063483454,0.021569896,-0.008389998,0.10631397,0.003318788,-0.043102823,-0.028648596,-0.017715478,-0.0058616153,-0.033913378,-0.08565716,0.011968025,0.038104687,-0.047184646,0.02995856,0.013426035,-0.1253082,0.122552186,-0.0030543976,0.04422232,-0.0046627433,0.090399615,-0.02981783,-0.116859585,-0.10650759,-1.2407331,-0.12233165,-0.012498022,-0.11237835,0.16834979,-0.0044841254,0.046975758,0.04552898,0.09762446,-0.056812096,-0.051414955,-0.05089579,0.0694597,-0.00094653544,0.013312091,0.14588821,-0.004224222,-0.4756325,-0.353603,-0.13927606,0.07482169,-0.08291567,0.050656255,0.056960277,-0.031814143,-0.089740396,0.14720039,0.022428544,0.1443411,0.05769961,0.048600003,-0.013004471,-0.019656364,-0.018364465,-0.0014692775,0.015489464,-0.049064998,-0.10170249,-0.03484772,-0.028520253,0.17141342,0.028335549
0.056057796,0.008832356,0.0731198,0.01694083,0.082044624,0.05568318,-0.2063507,-0.0004993294,-0.04137961,-0.17964832,-0.025903352,0.04985057,-0.12237268,-0.03059641,0.001718793,0.08080005,-0.16524614,-0.02128371,-0.058551688,0.1013019,-0.033982873,0.04473019,0.07093663,0.07184364,0.03687754,-0.2255755,0.09827616,-0.032324336,-0.08680186,-0.12237176,0.05263781,-0.0062459693,0.07050637,0.15644129,0.006563766,-0.08458622,-0.11414435,-0.152426,-0.117243916,-0.055843715,0.034756973,0.048574954,0.04916234,-0.08521677,0.037504934,0.033019572,0.08321944,0.1324213,-0.024925264,0.036334828,0.082947254,0.16208349,0.041082695,-0.04281609,-0.11206741,-0.11965546,0.006378508,-0.038894996,-0.14077014,-0.2653991,0.056124736,0.056956775,0.008000445,0.091762245,-0.032681428,0.08002106,-0.046435926,0.102280684,0.053923104,-0.0014798308,0.064457156,-0.029214067,0.09541149,-0.0020352097,0.06704091,-0.049802236,-0.18674009,-0.019945016,-0.009141948,0.05798581,0.036391146,-0.00995707,-0.15781222,-0.018064199,0.07981927,-0.043657728,0.007838603,0.124283224,-0.078525536,0.057308253,0.052505534,0.057372607,-0.02280405,-0.07079826,0.07032632,-0.41414413,-0.11359784,-0.06644166,0.009485828,-0.06001593,0.0964431,0.107791536,-0.1620141,0.13293903,0.0040093595,0.032835472,0.11917781,-0.14636128,0.023437483,-0.07801323,-0.04447473,0.15734014,-0.0718776,-0.1622388,0.03421041,-0.024568679,-0.0012089161,0.072450995,-0.052041944,-0.001553157,-0.034957357,-0.2621644,-0.019282384,-0.79922336,0.043005843,0.042908195,-0.1982477,0.11430369,-0.061018407,0.12548223,0.01838945,-0.0048900503,-0.113218755,-0.106595576,0.031378817,-0.08058455,-0.016073868,-0.056210976,-0.019228417,-0.09494517,0.12226682,-0.1752354,0.021677058,-0.04835312,0.044877242,-0.08628476,-0.16523218,-0.091144785,-0.20843557,-0.004216332,-0.038629957,-0.09086359,0.1730381,-0.17003858,0.028085379,0.0072714686,-0.4580672,0.08287029,0.035466656,-0.10073741,0.018971598,0.01243264,-0.091428705,0.04609847,-0.045770656,-0.17073864,-0.053516775,0.14546916,-0.10230149,0.04264974,0.09521304,0.09876979,-0.0011048102,-0.0044153268,-0.10832293,-0.16175778,0.12016534,0.122564025,-0.20310093,-0.08686138,-0.02524186,0.02028776,0.030283958,-0.17382799,0.049031813,-0.0636182,-0.059676044,-0.15876272,0.0713195,0.060265373,-0.01464572,0.050147586,-0.1456057,-0.010931643,-0.0021333727,-0.075659685,-0.084998,0.07192994,-0.01701363,0.14001499,0.047991198,0.059432838,-0.10751177,0.030082187,-1.601251,-0.1252713,0.08567279,-0.11066848,0.018554805,0.06537404,-0.110391185,-0.06169507,0.1491848,0.045582052,0.09748524,0.019780835,0.07070429,-0.07497323,-0.048396464,0.14713213,0.091265425,-0.73890465,-0.21146384,0.114652686,-0.078034155,0.09503465,-0.060625844,0.058166504,0.045337096,-0.003050513,0.059385926,-0.0009774872,-0.12475922,-0.023750747,0.03906082,-0.04768089,-0.10177557,0.017269636,0.03816985,0.047145616,0.18777229,0.08381223,-0.18512805,0.062621206,0.017202709,-0.111453705
-0.05005522,-0.22794957,0.049402025,0.14546546,0.037983447,0.036471114,0.13139614,0.11843675,0.20143427,-0.020388357,-0.052431766,0.0596372,-0.1692071,0.07586565,0.12725252,0.089413226,0.18725978,0.13318738,-0.42201912,-0.0139555475,-0.07522692,-0.1349461,0.091959886,0.010803538,-0.013210845,0.009603543,-0.018992873,0.06500355,0.09570507,-0.09392197,-0.004222156,0.08052273,-0.060573004,-0.13627246,0.07815768,-0.112218045,4.8416925e-05,-0.16190536,0.13298741,0.09241931,-0.16182162,-0.03359469,-0.0477736,-0.19788714,-0.17964992,-0.023736114,0.14033405,-0.062577,-0.25931004,-0.09700255,0.0979097,0.070845485,0.00848028,0.059508577,0.0038181578,-0.019345023,-0.007285935,-0.05949003,-0.071628585,-0.057433907,0.09271751,0.014100942,-0.029194102,0.091260955,0.0024542352,-0.017612413,0.06535698,0.15371427,-0.048022013,-0.02304215,-0.14109303,-0.0925626,0.20947284,-0.05886441,-0.06368838,-0.11798143,0.03383982,-0.21753408,0.11515055,-0.11703943,0.0003330779,-0.04604401,-0.1588621,0.044213135,0.21936943,0.10751225,-0.008953664,0.126077,0.109455116,-0.059171543,-0.031927016,-0.101222135,-0.12220264,0.11435414,-0.022329137,0.107324064,-0.112043194,0.1634081,0.07593614,-0.18942802,-0.11135772,0.044836007,-0.25375342,-0.00031184193,-0.14606601,-0.14863178,0.17949858,0.22817412,0.181968,-0.02801172,0.054180995,-0.22567132,-0.22143811,-0.04793529,-0.004993486,0.13878377,0.07887481,-0.15038364,0.12087306,-0.017037056,0.05995892,-0.0051714275,0.094519585,-0.021374607,-0.062334776,0.069591515,0.032471854,0.03291148,0.10658985,-0.14384046,-0.16020629,-0.0070209336,0.04351332,0.0194612,-0.18756326,0.18055923,0.02296543,-0.0038463569,0.08792313,0.036100525,0.017760122,-0.14440481,0.00080861495,-0.029946927,0.013079131,0.06644051,-0.024032028,0.21121444,-0.09882201,-0.0015361386,-0.09514011,-0.1238365,-0.11003257,-0.07917344,0.10839986,0.026887625,0.101455145,-0.20829079,-0.075159274,0.07227574,-0.08089313,0.020626156,-0.0114494,-0.035205692,-0.10674805,0.07497181,0.0074930848,-0.07734509,-0.14007896,0.0028232262,0.054755062,0.11762401,0.1579671,-0.042836204,0.027444085,-0.04158796,0.08065792,-0.09009779,-0.011087654,-0.010242526,0.107302636,-0.06242591,0.015602226,-0.12586318,0.058725726,0.018220635,-0.049282774,0.17722584,0.04484283,0.0053405766,0.09184324,-0.21463849,0.10786103,0.033668425,0.03166647,-0.11638053,-0.06645399,0.023518365,-0.054565586,-0.074051686,0.14480837,-0.0069362856,-0.03599322,0.03916554,-0.06780501,0.20650323,-0.047904823,0.12435755,-0.08655802,0.0366071,0.11895064,-0.036602065,0.08934671,0.14356886,0.1026463,0.0454833,0.040905643,0.13857593,0.02863,0.06991332,-0.14732592,-0.07354078,-0.10887938,-0.12326339,-0.016507097,0.055077594,-0.041040163,-0.17110847,-0.18353339,0.04500759,-0.08321301,-0.021740638,0.15039897,-0.045667816,0.084336765,0.13989736,0.0885747,0.073418535,0.10580065,0.18244554,0.19974315,0.12515762,-0.0765005,0.13424312,-0.037686426,-0.2141519
-0.11003582,0.016054448,0.025935046,-0.028778173,-0.06585865,0.12804309,-0.055988733,-0.092789225,0.021892432,0.16939273,-0.07222086,-0.042214613,0.12360128,-0.02530987,-0.03320744,-0.021641012,-0.07988652,0.010831952,-0.33938673,-0.05217552,-0.015203309,0.09344271,-0.0101885395,-0.026585836,-0.08019706,0.042878065,0.06410951,-0.022042274,-0.06463265,-0.08527283,0.013630418,0.008363896,0.13250527,0.043113586,-0.014495925,0.081193686,0.10341501,0.003616648,-0.0450178,0.01310182,0.09446593,0.18877563,0.18598813,0.08491202,-0.12839988,0.021027248,-0.065642394,-0.010954052,-0.10075913,0.1360389,0.13229649,-0.13029346,-0.05555302,0.12976243,0.053637225,0.100963406,-0.045168914,-0.045725208,-0.02988775,-0.09203833,-0.028529903,-0.0972775,0.11431956,-0.17989758,0.09796697,0.0037718348,0.15214173,0.18756115,-0.05855399,-0.036015537,0.09498115,0.060077645,-0.035956252,-0.17479415,0.09334982,0.13609941,0.108081326,-0.040783215,-0.14911282,0.21008429,0.0021275994,-0.11323208,-0.2053092,0.0004425775,0.009489929,-0.05941139,-0.061502848,-0.032333538,0.028210437,-0.13761316,-0.043630097,-0.062883906,-0.12772694,-0.05769153,0.061165906,-0.09760484,0.15202503,-0.12968244,0.036872797,0.07787774,0.07649256,-0.038562026,0.076907665,-0.08792582,0.13580893,0.09303205,0.12952438,-0.0100134695,0.17125584,0.10048037,-0.07966269,0.0032896749,-0.041865576,-0.21062288,0.07898343,-0.12635066,0.066393845,-0.059823684,-0.10889044,0.0038315204,-0.039402843,0.08825359,-0.0032467116,0.049720604,0.037234515,-0.107562944,-0.066351645,-0.15994735,-0.03956463,0.078428514,0.008040236,-0.0003675762,-0.045905683,0.030205803,-0.24651164,-0.088939354,0.11648273,-0.12336245,-0.06617904,0.036127314,-0.07360419,0.16597116,-0.12626125,0.036477733,-0.1215892,0.016244417,0.08035662,-0.09862517,-0.05356575,-0.1217283,0.065243505,-0.15172924,-0.07427202,-0.049396075,-0.13372055,-0.1320641,0.1910664,0.012803739,-0.01216292,-0.19155325,-0.011591341,-0.003500328,0.029480439,-0.115175456,0.1259161,0.121823676,0.02583799,-0.08516234,-0.099031866,0.18540302,0.10371291,-0.17818095,-0.031247756,0.05529072,-0.13520968,0.114049636,-0.0015021013,-0.09987431,0.15474728,0.0651406,-0.05325734,0.12512861,-0.120682195,-0.13041809,0.041382417,-0.07660187,0.08504575,0.07188533,-0.00888993,-0.095224,-0.07706105,-0.024047678,-0.12829225,-0.02540704,0.072747186,0.023767803,0.06448568,-0.0782493,-0.044987667,-0.07556756,-0.033010893,-0.0112423245,-0.0052943355,-0.06068792,0.051026493,-0.012109705,-0.011456094,-0.068773635,-0.093815245,-0.055674374,-0.042144157,0.04368251,0.19759026,0.05558597,0.063783355,-0.04616248,0.1423064,0.029900542,-0.030919667,0.14094895,0.07412182,0.082917616,0.21854416,0.09911243,0.042436723,0.009000345,0.0015215569,0.18846114,0.11385112,0.061120078,-0.05626565,-0.14058667,-0.03986774,0.069042526,-0.10984254,-0.10469498,0.031263016,-0.07293863,0.08187176,-0.12601903,-0.069881156,-0.034496512,-0.1793819,-0.1436104,-0.019298792,-0.13895854
0.0,-0.11440205,0.15352476,0.030616747,-0.005798167,-0.06571604,0.112369314,0.06627898,-0.06523366,0.027967967,0.0620362,-0.0018517269,0.05122054,0.12951688,-0.046457883,0.07496446,-0.0003008599,0.023084939,0.046570066,-0.069202006,0.025701694,0.07135506,-0.025281841,-0.13761312,-0.11152825,0.0152234845,-0.073655054,-0.011010942,-0.009160109,0.0068647647,-0.04435526,0.02980147,0.020186756,-0.017479284,0.0386668,-0.031328496,0.010849615,-0.022462653,0.033773612,0.020430364,-0.053109337,0.027291207,0.024675425,0.025990095,0.034345377,-0.05537335,0.06259058,-0.034541946,0.025090361,-0.042775232,0.07833294,-0.104255214,0.009978503,-0.047116004,-0.227656,0.04529394,0.008632665,0.013967448,-0.03410252,0.05599613,0.025234189,-0.04727302,0.026371084,-0.03322661,0.032570936,0.085161805,-0.07023689,-0.03515683,-0.015010646,-0.027102048,-0.058424708,-0.095003,-0.05103933,-0.026254473,-0.060585205,0.15738556,0.040346354,0.033681456,-0.0011277015,-0.0016937212,0.08669354,-0.04008525,0.022699565,0.09223545,-0.042378146,0.04215992,-0.07922857,0.024045797,0.022348765,0.0152758695,0.008298765,0.029661277,-0.07795812,0.03022851,-0.025292827,0.058026485,0.04303408,-0.046950772,-0.033098407,-0.019443765,-0.055657253,-0.15857513,-0.027070438,-0.012428411,0.08169768,-0.020765759,-0.038082555,-0.013124537,-0.063213125,0.048423525,0.0,0.0062266896,-0.03739611,-0.023849439,-0.010168663,0.0065353997,0.036060955,0.058491696,0.080401495,-0.014261986,0.013245834,-0.00419807,0.12244942,0.008342763,-0.059611198,-0.07908786,-0.03969516,-0.01812014,0.03709827,0.020436138,-0.025213566,0.03921069,-0.0051144185,-0.074349776,-0.01558075,0.035230916,0.022688216,-0.02695832,-0.03325878,-0.043162055,-0.020349521,0.03171597,-0.016031004,0.022312408,-0.0035043699,0.031129522,-0.005889572,0.02782753,-0.024327328,-0.013767646,-0.03017385,-0.0057115587,0.01858553,0.041296724,-0.015617322,-0.017501427,0.008740297,-0.025150293,0.0380868,-0.008433755,0.021840643,0.009624459,0.1637874,0.0,0.04883497,-0.002030563,0.016894752,-0.05618974,0.0,0.05397414,0.050883885,-0.030501217,0.058087118,0.012689146,0.034568757,0.07096264,0.058483787,0.04973949,0.031767573,-0.02374011,0.08733498,0.081743,-0.029627625,0.006734056,0.023689304,-0.07639097,0.051206227,0.05575883,0.0037442178,-0.06615999,0.057776805,-0.050496496,0.030729638,0.048942056,-0.02952375,-0.015416537,-0.03641329,0.034199733,-0.10365136,-0.0276692,-0.0074830474,0.039459247,0.05865386,-0.00071582646,0.09295947,-0.023472542,-0.052956074,0.0429296,-0.03162733,0.01190268,0.03491408,-0.15629761,-0.06750932,-0.028462682,0.10387956,0.09322921,0.07302756,0.018435376,0.053163495,-0.020223683,0.026792353,0.033579346,-0.0038550457,0.028271535,-0.038650535,-0.010321212,-0.010985868,-0.0029416897,-0.019072767,0.004432974,-0.01772855,-0.012474459,-0.05847804,0.030369874,0.009859437,-0.001628373,-0.028278332,0.0063936207,0.14919527,0.021588758,0.012252566,0.097875215,-0.0003354417,0.012348157,-0.0137316035,0.020732649
